YEAR:2017
JAN,A,0.28
FEB,A,0.09
MAR,A,0.07
APR,A,0.04
MAY,A,0.03
JUN,A,0.01
JUL,A,0.01
AUG,A,0.01
SEP,A,0.10
OCT,A,0.11
NOV,A,0.12
DEC,A,0.13
JAN,B,0.28
FEB,B,0.09
MAR,B,0.07
APR,B,0.04
MAY,B,0.03
JUN,B,0.01
JUL,B,0.01
AUG,B,0.01
SEP,B,0.10
OCT,B,0.11
NOV,B,0.12
DEC,B,0.13
YEAR:2018
JAN,A,0.28
FEB,A,0.09
MAR,A,0.07
APR,A,0.04
MAY,A,0.03
JUN,A,0.01
JUL,A,0.01
AUG,A,0.01
SEP,A,0.10
OCT,A,0.11
NOV,A,0.12
DEC,A,0.13
JAN,B,0.28
FEB,B,0.09
MAR,B,0.07
APR,B,0.04
MAY,B,0.03
JUN,B,0.01
JUL,B,0.01
AUG,B,0.01
SEP,B,0.10
OCT,B,0.11
NOV,B,0.12
DEC,B,0.13